{
  "id": "/subscriptions/aacd7aaa-6db0-4e16-a075-566fdf5949a1/resourceGroups/Itransition-devops-course/providers/Microsoft.Resources/deployments/Microsoft.ApplicationGateway-20220312173146",
  "name": "Microsoft.ApplicationGateway-20220312173146",
  "type": "Microsoft.Resources/deployments",
  "tags": {
    "marketplaceItemId": "Microsoft.ApplicationGateway"
  },
  "properties": {
    "templateHash": "14537853564731138803",
    "parameters": {
      "location": {
        "type": "String",
        "value": "eastus"
      },
      "applicationGatewayName": {
        "type": "String",
        "value": "AppGw01"
      },
      "tier": {
        "type": "String",
        "value": "Standard_v2"
      },
      "skuSize": {
        "type": "String",
        "value": "Standard_v2"
      },
      "capacity": {
        "type": "Int",
        "value": 0
      },
      "subnetName": {
        "type": "String",
        "value": "AGsubnet"
      },
      "zones": {
        "type": "Array",
        "value": []
      },
      "virtualNetworkName": {
        "type": "String",
        "value": "VNET01"
      },
      "virtualNetworkPrefix": {
        "type": "Array",
        "value": [
          "10.0.0.0/16"
        ]
      },
      "publicIpAddressName": {
        "type": "String",
        "value": "myAGPublicIP"
      },
      "sku": {
        "type": "String",
        "value": "Standard"
      },
      "allocationMethod": {
        "type": "String",
        "value": "Static"
      },
      "publicIpZones": {
        "type": "Array",
        "value": []
      },
      "autoScaleMaxCapacity": {
        "type": "Int",
        "value": 10
      }
    },
    "mode": "Incremental",
    "debugSetting": {
      "detailLevel": "None"
    },
    "provisioningState": "Succeeded",
    "timestamp": "2022-03-14T07:26:17.9557488Z",
    "duration": "PT6M2.9872638S",
    "correlationId": "d65aaf1c-37dd-4f3b-8ea3-8fa2d3864107",
    "providers": [
      {
        "namespace": "Microsoft.Network",
        "resourceTypes": [
          {
            "resourceType": "applicationGateways",
            "locations": [
              "eastus"
            ]
          },
          {
            "resourceType": "virtualNetworks",
            "locations": [
              "eastus"
            ]
          },
          {
            "resourceType": "publicIPAddresses",
            "locations": [
              "eastus"
            ]
          }
        ]
      }
    ],
    "dependencies": [
      {
        "dependsOn": [
          {
            "id": "/subscriptions/aacd7aaa-6db0-4e16-a075-566fdf5949a1/resourceGroups/Itransition-devops-course/providers/Microsoft.Network/virtualNetworks/VNET01",
            "resourceType": "Microsoft.Network/virtualNetworks",
            "resourceName": "VNET01"
          },
          {
            "id": "/subscriptions/aacd7aaa-6db0-4e16-a075-566fdf5949a1/resourceGroups/Itransition-devops-course/providers/Microsoft.Network/publicIPAddresses/myAGPublicIP",
            "resourceType": "Microsoft.Network/publicIPAddresses",
            "resourceName": "myAGPublicIP"
          }
        ],
        "id": "/subscriptions/aacd7aaa-6db0-4e16-a075-566fdf5949a1/resourceGroups/Itransition-devops-course/providers/Microsoft.Network/applicationGateways/AppGw01",
        "resourceType": "Microsoft.Network/applicationGateways",
        "resourceName": "AppGw01"
      }
    ],
    "outputResources": [
      {
        "id": "/subscriptions/aacd7aaa-6db0-4e16-a075-566fdf5949a1/resourceGroups/Itransition-devops-course/providers/Microsoft.Network/applicationGateways/AppGw01"
      },
      {
        "id": "/subscriptions/aacd7aaa-6db0-4e16-a075-566fdf5949a1/resourceGroups/Itransition-devops-course/providers/Microsoft.Network/publicIPAddresses/myAGPublicIP"
      },
      {
        "id": "/subscriptions/aacd7aaa-6db0-4e16-a075-566fdf5949a1/resourceGroups/Itransition-devops-course/providers/Microsoft.Network/virtualNetworks/VNET01"
      }
    ],
    "validationLevel": "Template"
  }
}