[
  {
    "id": "/subscriptions/aacd7aaa-6db0-4e16-a075-566fdf5949a1/resourceGroups/Itransition-devops-course/providers/Microsoft.Resources/deployments/Microsoft.ApplicationGateway-20220312173146/operations/F1D12EE1A2CD95AC",
    "operationId": "F1D12EE1A2CD95AC",
    "properties": {
      "provisioningOperation": "Create",
      "provisioningState": "Succeeded",
      "timestamp": "2022-03-14T07:26:17.8703066Z",
      "duration": "PT5M52.266785S",
      "trackingId": "e8f308d8-50ce-45cb-9306-dc3b234c4cc7",
      "statusCode": "OK",
      "targetResource": {
        "id": "/subscriptions/aacd7aaa-6db0-4e16-a075-566fdf5949a1/resourceGroups/Itransition-devops-course/providers/Microsoft.Network/applicationGateways/AppGw01",
        "resourceType": "Microsoft.Network/applicationGateways",
        "resourceName": "AppGw01"
      }
    }
  },
  {
    "id": "/subscriptions/aacd7aaa-6db0-4e16-a075-566fdf5949a1/resourceGroups/Itransition-devops-course/providers/Microsoft.Resources/deployments/Microsoft.ApplicationGateway-20220312173146/operations/AFAEBCF564102F04",
    "operationId": "AFAEBCF564102F04",
    "properties": {
      "provisioningOperation": "Create",
      "provisioningState": "Succeeded",
      "timestamp": "2022-03-14T07:20:25.1891978Z",
      "duration": "PT9.1654697S",
      "trackingId": "3ccda521-2f1d-40e0-a880-eea054de2932",
      "statusCode": "OK",
      "targetResource": {
        "id": "/subscriptions/aacd7aaa-6db0-4e16-a075-566fdf5949a1/resourceGroups/Itransition-devops-course/providers/Microsoft.Network/virtualNetworks/VNET01",
        "resourceType": "Microsoft.Network/virtualNetworks",
        "resourceName": "VNET01"
      }
    }
  },
  {
    "id": "/subscriptions/aacd7aaa-6db0-4e16-a075-566fdf5949a1/resourceGroups/Itransition-devops-course/providers/Microsoft.Resources/deployments/Microsoft.ApplicationGateway-20220312173146/operations/08216BF23709E37E",
    "operationId": "08216BF23709E37E",
    "properties": {
      "provisioningOperation": "Create",
      "provisioningState": "Succeeded",
      "timestamp": "2022-03-14T07:20:23.2940773Z",
      "duration": "PT7.2703492S",
      "trackingId": "1166a69e-bd5e-4274-bb87-905ba2ccf1bd",
      "statusCode": "OK",
      "targetResource": {
        "id": "/subscriptions/aacd7aaa-6db0-4e16-a075-566fdf5949a1/resourceGroups/Itransition-devops-course/providers/Microsoft.Network/publicIPAddresses/myAGPublicIP",
        "resourceType": "Microsoft.Network/publicIPAddresses",
        "resourceName": "myAGPublicIP"
      }
    }
  },
  {
    "id": "/subscriptions/aacd7aaa-6db0-4e16-a075-566fdf5949a1/resourceGroups/Itransition-devops-course/providers/Microsoft.Resources/deployments/Microsoft.ApplicationGateway-20220312173146/operations/08585543644716509228",
    "operationId": "08585543644716509228",
    "properties": {
      "provisioningOperation": "EvaluateDeploymentOutput",
      "provisioningState": "Succeeded",
      "timestamp": "2022-03-14T07:26:17.9408329Z",
      "duration": "PT5M52.3373113S",
      "trackingId": "70f7934e-da96-460f-98a1-d27f77f1a194",
      "statusCode": "OK"
    }
  }
]